#separator:Comma,,
#html:false,,
#tags column:3,,
Frente,Verso,Tags
"Em JavaScript, qual a diferença fundamental entre atribuição de primitivos (number, string) e objetos/arrays?",Primitivos são copiados por VALOR (uma nova cópia independente é criada na pilha). Objetos e arrays são copiados por REFERÊNCIA (ambas as variáveis passam a apontar para o mesmo endereço de memória no Heap). Modificar um altera o outro.,javascript memoria fundamentos
"Por que 'const arr = [1, 2]; arr.push(3);' funciona sem erro se a variável foi declarada com const?","Porque 'const' protege apenas o PONTEIRO (o endereço de memória atribuído à variável arr). Ela impede reatribuição ('arr = [1, 2, 3]'), mas não impede a mutação das propriedades internas do objeto existente na memória.",javascript const memoria
Qual é a pegadinha clássica do método 'arr.sort()' em JavaScript quando chamado sem função comparadora?,"Por padrão, o JavaScript converte todos os elementos em STRINGS e os ordena pela tabela Unicode lexicográfica. Logo, [10, 5, 20].sort() vira [10, 20, 5], pois '1' vem antes de '2' e '5'. Para ordenar números corretamente, passe: (a, b) => a - b.",javascript pegadinhas arrays
O que causa o erro 'TypeError: Cannot read properties of undefined (reading 'xyz')'?,"A tentativa de acessar a propriedade '.xyz' em uma variável cujo valor atual é estritamente 'undefined' (ou 'null'). Causa comum: chamada assíncrona sem 'await', retorno vazio de um '.find()' ou objeto aninhado inexistente.",javascript erros debugging
Qual a diferença entre '==' (igualdade abstrata) e '===' (igualdade estrita)?,"'==' realiza coerção implícita de tipo antes de comparar (ex: '0' == 0 é true, null == undefined é true). '===' compara valor e tipo sem conversão (ex: '0' === 0 é false). Sempre prefira '===' para evitar bugs sutis.",javascript tipos fundamentos
O que é uma Closure (fechamento léxico) e onde ela é útil?,"É a capacidade de uma função interna 'lembrar' e acessar variáveis do seu escopo léxico pai mesmo após a função externa já ter terminado sua execução. Essencial para encapsulamento de estado privado, factories e funções de debounce/throttle.",javascript escopo funcoes
O que causa o erro 'RangeError: Maximum call stack size exceeded' e como inspecioná-lo?,Ocorre quando a pilha de execução (Call Stack) atinge o limite do motor V8 (~10.000 chamadas). Quase sempre indica uma função recursiva sem 'caso base' ou um loop de chamadas mútuas infinitas. Inspecione se o argumento converge para a parada.,javascript stack recursao
Qual a diferença entre a Macrotask Queue e a Microtask Queue no Event Loop do Node.js?,"Microtasks (Promises '.then()', 'queueMicrotask', 'process.nextTick') têm prioridade absoluta e são esvaziadas inteiramente antes de qualquer Macrotask (setTimeout, setInterval, setImmediate, I/O).",nodejs event-loop async
"No TypeScript, qual a diferença entre 'unknown' e 'any'?","'any' desliga completamente a checagem de tipos (perigoso). 'unknown' é o tipo 'seguro para qualquer valor': o compilador exige que você faça narrowing (com 'typeof', 'instanceof' ou checagem de propriedade) antes de acessar qualquer método dele.",typescript tipos seguranca
O que acontece com os tipos do TypeScript em tempo de execução (runtime)?,"Eles são completamente apagados (type erasure). Interfaces, type aliases e generics NÃO existem na memória do Node.js/navegador. Validações de dados externos (APIs, formulários) precisam ser feitas com código JS real (ou bibliotecas como Zod).",typescript compilacao runtime
Por que usar loops tradicionais (ou 'for...of') pode ser mais vantajoso que 'arr.map().filter().reduce()' em código de alto desempenho?,"Encadear .map().filter() aloca novos arrays intermediários na memória Heap a cada chamada, aumentando pressão sobre o Garbage Collector. Um único 'for' ou 'reduce' processa os dados em uma única passagem (O(N) tempo e O(1) espaço extra).",performance algoritmos memoria
O que é a técnica de Debounce e qual problema ela resolve?,Debounce adia a execução de uma função cara até que um determinado intervalo de tempo tenha se passado sem nenhum novo disparo. Exemplo: campo de busca digitado pelo usuário — dispara a pesquisa só 300ms após a última tecla digitada.,padroes funcoes async
O que é Memoização e qual o seu compromisso (trade-off)?,Técnica de caching do resultado de funções puras baseado nos argumentos recebidos. Trade-off: gasta mais memória RAM (espaço) para economizar tempo de CPU em chamadas repetidas.,otimizacao algoritmos funcoes
O que é e como funciona a técnica de Dois Ponteiros (Two Pointers) em vetores ordenados?,"Posiciona-se um ponteiro no início (left = 0) e outro no fim (right = length - 1), movendo-os em direção ao centro com base em uma condição. Transforma buscas de pares de O(N²) para O(N) com complexidade de espaço O(1).",algoritmos estruturas-dados ponteiros
Qual é a principal diferença entre 'fs.readFileSync' e 'fs.promises.readFile' no Node.js?,"'readFileSync' bloqueia a thread única do Event Loop do Node.js, impedindo que qualquer outra requisição ou temporizador seja atendido até o arquivo ser lido do disco. 'fs.promises.readFile' delega a leitura para a libuv em background e não bloqueia a thread.",nodejs io async
O que é uma Função Pura (Pure Function) e por que ela é fácil de testar?,"1) Dado o mesmo input, ela SEMPRE retorna o mesmo output. 2) Ela NÃO produz efeitos colaterais (side-effects) — não altera variáveis externas, não faz requisições de rede e não altera o DOM. Testá-la não requer mocks nem preparação de estado.",programacao-funcional testes arquitetura
Como clonar um objeto aninhado de forma profunda em JavaScript moderno sem usar bibliotecas externas?,"Use a função nativa 'structuredClone(obj)'. Ela suporta arrays aninhados, Maps, Sets e referências circulares nativamente, ao contrário de 'JSON.parse(JSON.stringify(obj))' que perde datas, undefined e funções.",javascript memoria modernos
"Por que o código 'for (var i = 0; i < 3; i++) { setTimeout(() => console.log(i), 100); }' imprime '3 3 3' em vez de '0 1 2'?","Porque 'var' possui escopo de função, não de bloco. Apenas UMA única variável 'i' existe na memória, e quando os timeouts rodam 100ms depois, o loop já terminou e 'i' vale 3. Trocar 'var' por 'let' cria uma nova ligação léxica a cada iteração.",javascript escopo pegadinhas
O que significa o conceito de Imutabilidade e como ele previne 'efeitos colaterais fantasma'?,"Imutabilidade significa nunca alterar o estado ou objeto original após sua criação. Sempre que precisar de alteração, cria-se uma nova cópia com a alteração desejada. Isso garante que outras partes do sistema que dependem daquele objeto não tenham surpresas.",arquitetura principios qualidade
"Ao fazer testes automatizados no Node.js moderno, por que o runner nativo ('node --test') é uma boa escolha?","Zero dependências (não precisa de Jest, Vitest ou compilações pesadas no package.json), inicialização quase instantânea e suporte nativo ao TypeScript a partir do Node.js 22.6+ via '--experimental-strip-types'.",testes nodejs ferramentas
